{"pitch": [-2.9811841395615546, 6.756708543368294, 234.19597232105284, 78.55803645711607], "energy": [-0.9322417378425598, 9.262924194335938, 11.688131821838498, 12.537662390853976]}