{"pitch": [-3.0198551163409433, 6.547695439357041, 241.4576366031815, 79.95669570258973], "energy": [-0.9877231121063232, 7.566497802734375, 12.2118122061232, 12.363598588545036]}