{"pitch": [-3.019855116340947, 6.547695439357017, 241.4576366031823, 79.9566957025899], "energy": [-0.9877231121063232, 7.566497802734375, 12.211812199134284, 12.363598579392136]}