{"pitch": [-2.6900574447699, 9.129502572571337, 204.86961175955128, 76.15808062309809], "energy": [-1.1338977813720703, 7.753439426422119, 37.973835864238836, 33.48964847527998]}